[
{
  "model": "admin.logentry",
  "pk": 1,
  "fields": {
    "action_time": "2025-12-01T14:38:39.640Z",
    "user": 1,
    "content_type": 7,
    "object_id": "1",
    "object_repr": "mini-notion",
    "action_flag": 1,
    "change_message": "[{\"added\": {}}]"
  }
},
{
  "model": "auth.user",
  "pk": 1,
  "fields": {
    "password": "pbkdf2_sha256$1000000$FBUZd45TVRrOzimEdxOZ6M$OlG+9mXTY27fJVzRUedbf6awI8l36L6K00O85TuEsjM=",
    "last_login": "2025-12-01T14:31:54.135Z",
    "is_superuser": true,
    "username": "kedr",
    "first_name": "",
    "last_name": "",
    "email": "",
    "is_staff": true,
    "is_active": true,
    "date_joined": "2025-12-01T14:30:04.816Z",
    "groups": [],
    "user_permissions": []
  }
},
{
  "model": "auth.user",
  "pk": 2,
  "fields": {
    "password": "pbkdf2_sha256$1000000$ui7arp3lsOTaoSMPak1XVl$pDvl3XA8D3il5GUTb8lZwJzyQ9hMYBk6pD52VKUMdHs=",
    "last_login": "2026-04-04T10:34:31.236Z",
    "is_superuser": true,
    "username": "admin",
    "first_name": "",
    "last_name": "",
    "email": "admin@admin.ru",
    "is_staff": true,
    "is_active": true,
    "date_joined": "2026-01-09T09:43:48.846Z",
    "groups": [],
    "user_permissions": []
  }
},
{
  "model": "auth.user",
  "pk": 3,
  "fields": {
    "password": "pbkdf2_sha256$1000000$nA9EInih0QZghprU6kcaTx$G/9yTgjQb+CfkOPcrNC3lPG9cdAC1MASOvR1UrUR648=",
    "last_login": null,
    "is_superuser": true,
    "username": "demo",
    "first_name": "",
    "last_name": "",
    "email": "demo@example.com",
    "is_staff": true,
    "is_active": true,
    "date_joined": "2026-01-12T08:42:47.792Z",
    "groups": [],
    "user_permissions": []
  }
},
{
  "model": "auth.user",
  "pk": 4,
  "fields": {
    "password": "pbkdf2_sha256$1000000$M9CUSnvXKKhAy3BZkyLYMu$yM7NXtEXsMer9Nso7SIS57tAT9BOYBwOyNLQP5BkYy8=",
    "last_login": null,
    "is_superuser": false,
    "username": "testuser",
    "first_name": "",
    "last_name": "",
    "email": "test@test.com",
    "is_staff": false,
    "is_active": true,
    "date_joined": "2026-01-12T12:10:57.692Z",
    "groups": [],
    "user_permissions": []
  }
},
{
  "model": "auth.user",
  "pk": 5,
  "fields": {
    "password": "pbkdf2_sha256$1000000$C0D9ojHKptJtTgftCGS4yE$AKtoCOrx1B1w2aK1vwiM1T521h23+tEw31+22cCTt5A=",
    "last_login": null,
    "is_superuser": true,
    "username": "user",
    "first_name": "",
    "last_name": "",
    "email": "user@user.ru",
    "is_staff": true,
    "is_active": true,
    "date_joined": "2026-04-04T10:26:02.024Z",
    "groups": [],
    "user_permissions": []
  }
},
{
  "model": "auth.user",
  "pk": 6,
  "fields": {
    "password": "pbkdf2_sha256$1000000$0EsTBGi78vXzmnA5vL24iG$o86op9lL82wrYs873ZL3lx4z2OpiLffU+ip+Vn6g9dQ=",
    "last_login": null,
    "is_superuser": false,
    "username": "test_invite_user",
    "first_name": "",
    "last_name": "",
    "email": "test@invite.com",
    "is_staff": false,
    "is_active": true,
    "date_joined": "2026-04-08T10:08:17.573Z",
    "groups": [],
    "user_permissions": []
  }
},
{
  "model": "saas.workspace",
  "pk": 1,
  "fields": {
    "name": "mini-notion",
    "owner": 1,
    "seats_limit": 5,
    "is_client": false,
    "client_name": "",
    "client_contact": "",
    "client_notes": "",
    "color": "#6366f1",
    "tags": "",
    "created_at": "2025-12-01T14:38:39.615Z",
    "updated_at": "2026-01-12T19:42:25.662Z"
  }
},
{
  "model": "saas.workspace",
  "pk": 2,
  "fields": {
    "name": "kedr",
    "owner": 1,
    "seats_limit": 1,
    "is_client": false,
    "client_name": "",
    "client_contact": "",
    "client_notes": "",
    "color": "#6366f1",
    "tags": "",
    "created_at": "2025-12-01T15:39:14.240Z",
    "updated_at": "2026-01-12T19:42:25.662Z"
  }
},
{
  "model": "saas.workspace",
  "pk": 3,
  "fields": {
    "name": "admin",
    "owner": 2,
    "seats_limit": 5,
    "is_client": false,
    "client_name": "",
    "client_contact": "",
    "client_notes": "",
    "color": "#6366f1",
    "tags": "",
    "created_at": "2026-01-09T09:49:03.425Z",
    "updated_at": "2026-01-12T19:42:25.662Z"
  }
},
{
  "model": "saas.workspace",
  "pk": 4,
  "fields": {
    "name": "Demo Company",
    "owner": 3,
    "seats_limit": 5,
    "is_client": false,
    "client_name": "",
    "client_contact": "",
    "client_notes": "",
    "color": "#6366f1",
    "tags": "",
    "created_at": "2026-01-12T08:42:49.023Z",
    "updated_at": "2026-01-12T19:42:25.662Z"
  }
},
{
  "model": "saas.workspace",
  "pk": 5,
  "fields": {
    "name": "Интернет-магазин электроники",
    "owner": 3,
    "seats_limit": 3,
    "is_client": true,
    "client_name": "ООО \"ТехноМир\"",
    "client_contact": "@technomirshop",
    "client_notes": "Запуск в марте 2026. Нужны посты 3 раза в неделю. Целевая аудитория 18-35 лет.",
    "color": "#3b82f6",
    "tags": "",
    "created_at": "2026-01-12T19:46:18.893Z",
    "updated_at": "2026-01-12T19:46:18.893Z"
  }
},
{
  "model": "saas.workspace",
  "pk": 6,
  "fields": {
    "name": "Кофейня в центре города",
    "owner": 3,
    "seats_limit": 2,
    "is_client": true,
    "client_name": "Иван Петров",
    "client_contact": "ivan@coffee.ru",
    "client_notes": "Семейный бизнес. Акцент на уютную атмосферу и качественный кофе.",
    "color": "#f59e0b",
    "tags": "",
    "created_at": "2026-01-12T19:46:19.018Z",
    "updated_at": "2026-01-12T19:46:19.018Z"
  }
},
{
  "model": "saas.workspace",
  "pk": 7,
  "fields": {
    "name": "Фитнес-студия для женщин",
    "owner": 3,
    "seats_limit": 5,
    "is_client": true,
    "client_name": "ИП Соколова М.А.",
    "client_contact": "+7 999 123-45-67",
    "client_notes": "Молодая аудитория. Важны истории успеха клиентов и трансформации.",
    "color": "#ec4899",
    "tags": "",
    "created_at": "2026-01-12T19:46:19.151Z",
    "updated_at": "2026-01-12T19:46:19.151Z"
  }
},
{
  "model": "saas.workspace",
  "pk": 8,
  "fields": {
    "name": "Автосервис премиум-класса",
    "owner": 3,
    "seats_limit": 10,
    "is_client": true,
    "client_name": "ООО \"АвтоЭлит\"",
    "client_contact": "info@autoelite.ru",
    "client_notes": "Работают с BMW, Mercedes, Audi. Премиум сегмент.",
    "color": "#8b5cf6",
    "tags": "",
    "created_at": "2026-01-12T19:46:19.320Z",
    "updated_at": "2026-01-12T19:46:19.320Z"
  }
},
{
  "model": "saas.workspace",
  "pk": 9,
  "fields": {
    "name": "Онлайн-школа английского",
    "owner": 3,
    "seats_limit": 5,
    "is_client": true,
    "client_name": "Анна Смирнова",
    "client_contact": "@englishwitanna",
    "client_notes": "Индивидуальные уроки. Упор на разговорную практику. Нужны мотивационные посты.",
    "color": "#10b981",
    "tags": "",
    "created_at": "2026-01-12T19:46:19.534Z",
    "updated_at": "2026-01-12T19:46:19.534Z"
  }
},
{
  "model": "saas.workspacemember",
  "pk": 1,
  "fields": {
    "workspace": 2,
    "user": 1,
    "role": "owner",
    "joined_at": "2025-12-01T15:39:14.450Z"
  }
},
{
  "model": "saas.workspacemember",
  "pk": 2,
  "fields": {
    "workspace": 3,
    "user": 2,
    "role": "owner",
    "joined_at": "2026-01-09T09:49:03.950Z"
  }
},
{
  "model": "saas.workspacemember",
  "pk": 3,
  "fields": {
    "workspace": 4,
    "user": 3,
    "role": "owner",
    "joined_at": "2026-01-12T08:42:49.144Z"
  }
},
{
  "model": "saas.workspacemember",
  "pk": 4,
  "fields": {
    "workspace": 4,
    "user": 4,
    "role": "viewer",
    "joined_at": "2026-01-12T12:11:38.003Z"
  }
},
{
  "model": "saas.workspacemember",
  "pk": 5,
  "fields": {
    "workspace": 5,
    "user": 3,
    "role": "owner",
    "joined_at": "2026-01-12T19:46:18.950Z"
  }
},
{
  "model": "saas.workspacemember",
  "pk": 6,
  "fields": {
    "workspace": 6,
    "user": 3,
    "role": "owner",
    "joined_at": "2026-01-12T19:46:19.093Z"
  }
},
{
  "model": "saas.workspacemember",
  "pk": 7,
  "fields": {
    "workspace": 7,
    "user": 3,
    "role": "owner",
    "joined_at": "2026-01-12T19:46:19.216Z"
  }
},
{
  "model": "saas.workspacemember",
  "pk": 8,
  "fields": {
    "workspace": 8,
    "user": 3,
    "role": "owner",
    "joined_at": "2026-01-12T19:46:19.458Z"
  }
},
{
  "model": "saas.workspacemember",
  "pk": 9,
  "fields": {
    "workspace": 9,
    "user": 3,
    "role": "owner",
    "joined_at": "2026-01-12T19:46:19.608Z"
  }
},
{
  "model": "saas.workspacemember",
  "pk": 10,
  "fields": {
    "workspace": 4,
    "user": 6,
    "role": "editor",
    "joined_at": "2026-04-08T10:08:20.442Z"
  }
},
{
  "model": "saas.prompt",
  "pk": 1,
  "fields": {
    "workspace": 1,
    "name": "Instagram Caption",
    "type": "caption",
    "content": "Ты - эксперт по созданию вирусного контента для Instagram.\n\nТвоя задача: на основе исходного текста создать цепляющее описание для Instagram Reels/поста.\n\nТребования:\n- Короткое (до 150 символов)\n- Используй 2-3 релевантных эмодзи\n- Первое предложение должно зацепить\n- Призыв к действию в конце\n- Неформальный, дружелюбный тон\n\nОтвечай ТОЛЬКО готовым текстом описания, без пояснений.",
    "is_active": true,
    "is_default": false,
    "created_at": "2026-01-12T08:17:46.153Z",
    "updated_at": "2026-01-12T08:17:46.153Z"
  }
},
{
  "model": "saas.prompt",
  "pk": 2,
  "fields": {
    "workspace": 1,
    "name": "LinkedIn Professional",
    "type": "caption",
    "content": "Ты - профессиональный копирайтер для LinkedIn.\n\nТвоя задача: на основе исходного текста создать профессиональное описание для LinkedIn поста.\n\nТребования:\n- Деловой, но не скучный тон\n- Структура: хук → инсайт → вывод\n- 150-250 символов\n- Без эмодзи или максимум 1 в конце\n- Акцент на профессиональную ценность\n- Призыв к обсуждению в комментариях\n\nОтвечай ТОЛЬКО готовым текстом описания, без пояснений.",
    "is_active": false,
    "is_default": false,
    "created_at": "2026-01-12T08:17:46.254Z",
    "updated_at": "2026-01-12T08:17:46.254Z"
  }
},
{
  "model": "saas.prompt",
  "pk": 3,
  "fields": {
    "workspace": 1,
    "name": "TikTok Viral",
    "type": "caption",
    "content": "Ты - создатель вирусного контента для TikTok.\n\nТвоя задача: на основе исходного текста создать хайповое описание для TikTok.\n\nТребования:\n- Очень короткое (до 100 символов)\n- Молодежный сленг\n- Провокационный или интригующий стиль\n- Много эмодзи (4-6 штук)\n- Можно использовать капс для акцента\n- Создай FOMO (страх упустить)\n\nОтвечай ТОЛЬКО готовым текстом описания, без пояснений.",
    "is_active": false,
    "is_default": false,
    "created_at": "2026-01-12T08:17:46.326Z",
    "updated_at": "2026-01-12T08:17:46.326Z"
  }
},
{
  "model": "saas.prompt",
  "pk": 4,
  "fields": {
    "workspace": 2,
    "name": "Instagram Caption",
    "type": "caption",
    "content": "Ты - эксперт по созданию вирусного контента для Instagram.\n\nТвоя задача: на основе исходного текста создать цепляющее описание для Instagram Reels/поста.\n\nТребования:\n- Короткое (до 150 символов)\n- Используй 2-3 релевантных эмодзи\n- Первое предложение должно зацепить\n- Призыв к действию в конце\n- Неформальный, дружелюбный тон\n\nОтвечай ТОЛЬКО готовым текстом описания, без пояснений.",
    "is_active": true,
    "is_default": false,
    "created_at": "2026-01-12T08:17:46.418Z",
    "updated_at": "2026-01-12T08:17:46.418Z"
  }
},
{
  "model": "saas.prompt",
  "pk": 5,
  "fields": {
    "workspace": 2,
    "name": "LinkedIn Professional",
    "type": "caption",
    "content": "Ты - профессиональный копирайтер для LinkedIn.\n\nТвоя задача: на основе исходного текста создать профессиональное описание для LinkedIn поста.\n\nТребования:\n- Деловой, но не скучный тон\n- Структура: хук → инсайт → вывод\n- 150-250 символов\n- Без эмодзи или максимум 1 в конце\n- Акцент на профессиональную ценность\n- Призыв к обсуждению в комментариях\n\nОтвечай ТОЛЬКО готовым текстом описания, без пояснений.",
    "is_active": false,
    "is_default": false,
    "created_at": "2026-01-12T08:17:46.494Z",
    "updated_at": "2026-01-12T08:17:46.494Z"
  }
},
{
  "model": "saas.prompt",
  "pk": 6,
  "fields": {
    "workspace": 2,
    "name": "TikTok Viral",
    "type": "caption",
    "content": "Ты - создатель вирусного контента для TikTok.\n\nТвоя задача: на основе исходного текста создать хайповое описание для TikTok.\n\nТребования:\n- Очень короткое (до 100 символов)\n- Молодежный сленг\n- Провокационный или интригующий стиль\n- Много эмодзи (4-6 штук)\n- Можно использовать капс для акцента\n- Создай FOMO (страх упустить)\n\nОтвечай ТОЛЬКО готовым текстом описания, без пояснений.",
    "is_active": false,
    "is_default": false,
    "created_at": "2026-01-12T08:17:46.609Z",
    "updated_at": "2026-01-12T08:17:46.609Z"
  }
},
{
  "model": "saas.prompt",
  "pk": 7,
  "fields": {
    "workspace": 3,
    "name": "Instagram Caption",
    "type": "caption",
    "content": "Ты - эксперт по созданию вирусного контента для Instagram.\n\nТвоя задача: на основе исходного текста создать цепляющее описание для Instagram Reels/поста.\n\nТребования:\n- Короткое (до 150 символов)\n- Используй 2-3 релевантных эмодзи\n- Первое предложение должно зацепить\n- Призыв к действию в конце\n- Неформальный, дружелюбный тон\n\nОтвечай ТОЛЬКО готовым текстом описания, без пояснений.",
    "is_active": true,
    "is_default": false,
    "created_at": "2026-01-12T08:17:46.703Z",
    "updated_at": "2026-01-12T08:17:46.703Z"
  }
},
{
  "model": "saas.prompt",
  "pk": 8,
  "fields": {
    "workspace": 3,
    "name": "LinkedIn Professional",
    "type": "caption",
    "content": "Ты - профессиональный копирайтер для LinkedIn.\n\nТвоя задача: на основе исходного текста создать профессиональное описание для LinkedIn поста.\n\nТребования:\n- Деловой, но не скучный тон\n- Структура: хук → инсайт → вывод\n- 150-250 символов\n- Без эмодзи или максимум 1 в конце\n- Акцент на профессиональную ценность\n- Призыв к обсуждению в комментариях\n\nОтвечай ТОЛЬКО готовым текстом описания, без пояснений.",
    "is_active": false,
    "is_default": false,
    "created_at": "2026-01-12T08:17:46.798Z",
    "updated_at": "2026-01-12T08:17:46.798Z"
  }
},
{
  "model": "saas.prompt",
  "pk": 9,
  "fields": {
    "workspace": 3,
    "name": "TikTok Viral",
    "type": "caption",
    "content": "Ты - создатель вирусного контента для TikTok.\n\nТвоя задача: на основе исходного текста создать хайповое описание для TikTok.\n\nТребования:\n- Очень короткое (до 100 символов)\n- Молодежный сленг\n- Провокационный или интригующий стиль\n- Много эмодзи (4-6 штук)\n- Можно использовать капс для акцента\n- Создай FOMO (страх упустить)\n\nОтвечай ТОЛЬКО готовым текстом описания, без пояснений.",
    "is_active": false,
    "is_default": false,
    "created_at": "2026-01-12T08:17:46.894Z",
    "updated_at": "2026-01-12T08:17:46.894Z"
  }
},
{
  "model": "saas.prompt",
  "pk": 10,
  "fields": {
    "workspace": 4,
    "name": "🏷️ Caption: \"Сделай цепкую подпись для соцсети\"",
    "type": "other",
    "content": "Сделай цепкую подпись для соцсети.",
    "is_active": true,
    "is_default": true,
    "created_at": "2026-04-04T15:40:30.933Z",
    "updated_at": "2026-04-04T16:41:08.653Z"
  }
},
{
  "model": "saas.prompt",
  "pk": 11,
  "fields": {
    "workspace": 4,
    "name": "Промт для подписи",
    "type": "caption",
    "content": "Создай описание",
    "is_active": true,
    "is_default": true,
    "created_at": "2026-04-04T16:55:57.221Z",
    "updated_at": "2026-04-04T17:18:50.302Z"
  }
},
{
  "model": "saas.prompt",
  "pk": 12,
  "fields": {
    "workspace": 4,
    "name": "скрипт",
    "type": "script",
    "content": "скрипт сделай максимально для монтажора",
    "is_active": true,
    "is_default": true,
    "created_at": "2026-04-04T17:00:21.572Z",
    "updated_at": "2026-04-04T17:01:32.335Z"
  }
},
{
  "model": "saas.prompt",
  "pk": 13,
  "fields": {
    "workspace": 4,
    "name": "Промт для заголовка",
    "type": "title",
    "content": "Создай максимально вирусный заголовок",
    "is_active": true,
    "is_default": true,
    "created_at": "2026-04-04T17:06:34.719Z",
    "updated_at": "2026-04-04T17:06:36.688Z"
  }
},
{
  "model": "saas.prompt",
  "pk": 19,
  "fields": {
    "workspace": 4,
    "name": "Промт для описания",
    "type": "description",
    "content": "Сделай классное профиссиональное описание.",
    "is_active": true,
    "is_default": true,
    "created_at": "2026-04-04T17:33:35.439Z",
    "updated_at": "2026-04-04T17:33:37.064Z"
  }
},
{
  "model": "saas.post",
  "pk": 1,
  "fields": {
    "workspace": 2,
    "social_account": null,
    "created_by": 1,
    "caption_prompt": null,
    "title": "Первый тестовый пост.",
    "source_url": "https://instagram.com/reel/test",
    "platform": "instagram",
    "status": "ready",
    "error_message": "",
    "original_text": "любой текст.",
    "transcript": "",
    "generated_caption": "\"Когда слова оживают: откройте для себя магию текста! 📜✨ #Слова #Вдохновение #Творчество\"",
    "generated_script": "",
    "generated_title": "",
    "generated_description": "",
    "views_count": null,
    "likes_count": null,
    "comments_count": null,
    "shares_count": null,
    "engagement_rate": null,
    "video_duration": null,
    "published_at": null,
    "play_count": null,
    "saves_count": null,
    "author_followers": null,
    "has_audio": null,
    "is_video": null,
    "created_at": "2025-12-01T15:55:59.156Z",
    "updated_at": "2025-12-01T21:02:20.178Z"
  }
},
{
  "model": "saas.post",
  "pk": 2,
  "fields": {
    "workspace": 2,
    "social_account": null,
    "created_by": 1,
    "caption_prompt": null,
    "title": "Привет. медвед",
    "source_url": "https://instagram.com",
    "platform": "instagram",
    "status": "ready",
    "error_message": "",
    "original_text": "Привет. медвед",
    "transcript": "",
    "generated_caption": "🐻 Привет, медведь! Готов к приключениям? 🌲 Смотри, что мы придумали! Не забудь поделиться своими эмоциями в комментариях! 👇",
    "generated_script": "",
    "generated_title": "",
    "generated_description": "",
    "views_count": null,
    "likes_count": null,
    "comments_count": null,
    "shares_count": null,
    "engagement_rate": null,
    "video_duration": null,
    "published_at": null,
    "play_count": null,
    "saves_count": null,
    "author_followers": null,
    "has_audio": null,
    "is_video": null,
    "created_at": "2025-12-01T21:55:55.743Z",
    "updated_at": "2026-01-12T08:22:54.264Z"
  }
},
{
  "model": "saas.post",
  "pk": 11,
  "fields": {
    "workspace": 1,
    "social_account": null,
    "created_by": null,
    "caption_prompt": null,
    "title": "Тест LLM",
    "source_url": "",
    "platform": "instagram",
    "status": "ready",
    "error_message": "",
    "original_text": "рутой пост про AI и нейросети! #tech",
    "transcript": "",
    "generated_caption": "🌟 Готовы прокачать свои знания о нейросетях? 🤖 Узнай, как AI меняет мир! Делитесь своими мыслями в комментариях! 💬",
    "generated_script": "",
    "generated_title": "",
    "generated_description": "",
    "views_count": null,
    "likes_count": null,
    "comments_count": null,
    "shares_count": null,
    "engagement_rate": null,
    "video_duration": null,
    "published_at": null,
    "play_count": null,
    "saves_count": null,
    "author_followers": null,
    "has_audio": null,
    "is_video": null,
    "created_at": "2026-01-12T16:35:18.879Z",
    "updated_at": "2026-01-12T16:35:22.332Z"
  }
},
{
  "model": "saas.post",
  "pk": 12,
  "fields": {
    "workspace": 1,
    "social_account": null,
    "created_by": null,
    "caption_prompt": null,
    "title": "овый тест",
    "source_url": "",
    "platform": "instagram",
    "status": "new",
    "error_message": "",
    "original_text": "Тестовый пост для проверки кнопки бработать",
    "transcript": "",
    "generated_caption": "",
    "generated_script": "",
    "generated_title": "",
    "generated_description": "",
    "views_count": null,
    "likes_count": null,
    "comments_count": null,
    "shares_count": null,
    "engagement_rate": null,
    "video_duration": null,
    "published_at": null,
    "play_count": null,
    "saves_count": null,
    "author_followers": null,
    "has_audio": null,
    "is_video": null,
    "created_at": "2026-01-12T16:44:25.843Z",
    "updated_at": "2026-01-12T16:44:25.843Z"
  }
},
{
  "model": "saas.post",
  "pk": 13,
  "fields": {
    "workspace": 1,
    "social_account": null,
    "created_by": null,
    "caption_prompt": null,
    "title": "овый контент про AI",
    "source_url": "",
    "platform": "instagram",
    "status": "new",
    "error_message": "",
    "original_text": "скусственный интеллект меняет мир! знайте больше о нейросетях, машинном обучении и будущем технологий. #AI #ML #нейросети #технологии",
    "transcript": "",
    "generated_caption": "",
    "generated_script": "",
    "generated_title": "",
    "generated_description": "",
    "views_count": null,
    "likes_count": null,
    "comments_count": null,
    "shares_count": null,
    "engagement_rate": null,
    "video_duration": null,
    "published_at": null,
    "play_count": null,
    "saves_count": null,
    "author_followers": null,
    "has_audio": null,
    "is_video": null,
    "created_at": "2026-01-12T17:00:59.728Z",
    "updated_at": "2026-01-12T17:00:59.728Z"
  }
},
{
  "model": "saas.post",
  "pk": 22,
  "fields": {
    "workspace": 4,
    "social_account": null,
    "created_by": null,
    "caption_prompt": null,
    "title": "YOUTUBE - @mkbhd",
    "source_url": "https://www.youtube.com/watch?v=dQw4w9WgXcQ",
    "platform": "youtube",
    "status": "new",
    "error_message": "",
    "original_text": "The official video for “Never Gonna Give You Up” by Rick Astley. \n\nNever: The Autobiography 📚 OUT NOW! \nFollow this link to get your copy and listen to Rick’s ‘Never’ playlist ❤️ #RickAstleyNever\nhttps://linktr.ee/rickastleynever\n\n“Never Gonna Give You Up” was a global smash on its release in July 1987, topping the charts in 25 countries including Rick’s native UK and the US Billboard Hot 100.  It also won the Brit Award for Best single in 1988. Stock Aitken and Waterman wrote and produced the track which was the lead-off single and lead track from Rick’s debut LP “Whenever You Need Somebody”.  The album was itself a UK number one and would go on to sell over 15 million copies worldwide.\n\nThe legendary video was directed by Simon West – who later went on to make Hollywood blockbusters such as Con Air, Lara Croft – Tomb Raider and The Expendables 2.  The video passed the 1bn YouTube views milestone on 28 July 2021.\n\nSubscribe to the official Rick Astley YouTube channel: https://RickAstley.lnk.to/YTSubID\n\nFollow Rick Astley:\nFacebook: https://RickAstley.lnk.to/FBFollowID \nTwitter: https://RickAstley.lnk.to/TwitterID \nInstagram: https://RickAstley.lnk.to/InstagramID \nWebsite: https://RickAstley.lnk.to/storeID \nTikTok: https://RickAstley.lnk.to/TikTokID\n\nListen to Rick Astley:\nSpotify: https://RickAstley.lnk.to/SpotifyID \nApple Music: https://RickAstley.lnk.to/AppleMusicID \nAmazon Music: https://RickAstley.lnk.to/AmazonMusicID \nDeezer: https://RickAstley.lnk.to/DeezerID \n\nLyrics:\nWe’re no strangers to love\nYou know the rules and so do I\nA full commitment’s what I’m thinking of\nYou wouldn’t get this from any other guy\n\nI just wanna tell you how I’m feeling\nGotta make you understand\n\nNever gonna give you up\nNever gonna let you down\nNever gonna run around and desert you\nNever gonna make you cry\nNever gonna say goodbye\nNever gonna tell a lie and hurt you\n\nWe’ve known each other for so long\nYour heart’s been aching but you’re too shy to say it\nInside we both know what’s been going on\nWe know the game and we’re gonna play it\n\nAnd if you ask me how I’m feeling\nDon’t tell me you’re too blind to see\n\nNever gonna give you up\nNever gonna let you down\nNever gonna run around and desert you\nNever gonna make you cry\nNever gonna say goodbye\nNever gonna tell a lie and hurt you\n\n#RickAstley #NeverGonnaGiveYouUp #WheneverYouNeedSomebody #OfficialMusicVideo",
    "transcript": "",
    "generated_caption": "",
    "generated_script": "",
    "generated_title": "",
    "generated_description": "",
    "views_count": 1760072450,
    "likes_count": 18919973,
    "comments_count": 2400000,
    "shares_count": null,
    "engagement_rate": "1.21",
    "video_duration": null,
    "published_at": "2009-10-24T00:00:00Z",
    "play_count": null,
    "saves_count": null,
    "author_followers": null,
    "has_audio": true,
    "is_video": true,
    "created_at": "2026-04-07T15:36:33.083Z",
    "updated_at": "2026-04-07T15:36:33.083Z"
  }
},
{
  "model": "saas.post",
  "pk": 23,
  "fields": {
    "workspace": 4,
    "social_account": null,
    "created_by": null,
    "caption_prompt": null,
    "title": "YOUTUBE - @mkbhd",
    "source_url": "https://www.youtube.com/watch?v=dQw4w9WgXcQ",
    "platform": "youtube",
    "status": "new",
    "error_message": "",
    "original_text": "The official video for “Never Gonna Give You Up” by Rick Astley. \n\nNever: The Autobiography 📚 OUT NOW! \nFollow this link to get your copy and listen to Rick’s ‘Never’ playlist ❤️ #RickAstleyNever\nhttps://linktr.ee/rickastleynever\n\n“Never Gonna Give You Up” was a global smash on its release in July 1987, topping the charts in 25 countries including Rick’s native UK and the US Billboard Hot 100.  It also won the Brit Award for Best single in 1988. Stock Aitken and Waterman wrote and produced the track which was the lead-off single and lead track from Rick’s debut LP “Whenever You Need Somebody”.  The album was itself a UK number one and would go on to sell over 15 million copies worldwide.\n\nThe legendary video was directed by Simon West – who later went on to make Hollywood blockbusters such as Con Air, Lara Croft – Tomb Raider and The Expendables 2.  The video passed the 1bn YouTube views milestone on 28 July 2021.\n\nSubscribe to the official Rick Astley YouTube channel: https://RickAstley.lnk.to/YTSubID\n\nFollow Rick Astley:\nFacebook: https://RickAstley.lnk.to/FBFollowID \nTwitter: https://RickAstley.lnk.to/TwitterID \nInstagram: https://RickAstley.lnk.to/InstagramID \nWebsite: https://RickAstley.lnk.to/storeID \nTikTok: https://RickAstley.lnk.to/TikTokID\n\nListen to Rick Astley:\nSpotify: https://RickAstley.lnk.to/SpotifyID \nApple Music: https://RickAstley.lnk.to/AppleMusicID \nAmazon Music: https://RickAstley.lnk.to/AmazonMusicID \nDeezer: https://RickAstley.lnk.to/DeezerID \n\nLyrics:\nWe’re no strangers to love\nYou know the rules and so do I\nA full commitment’s what I’m thinking of\nYou wouldn’t get this from any other guy\n\nI just wanna tell you how I’m feeling\nGotta make you understand\n\nNever gonna give you up\nNever gonna let you down\nNever gonna run around and desert you\nNever gonna make you cry\nNever gonna say goodbye\nNever gonna tell a lie and hurt you\n\nWe’ve known each other for so long\nYour heart’s been aching but you’re too shy to say it\nInside we both know what’s been going on\nWe know the game and we’re gonna play it\n\nAnd if you ask me how I’m feeling\nDon’t tell me you’re too blind to see\n\nNever gonna give you up\nNever gonna let you down\nNever gonna run around and desert you\nNever gonna make you cry\nNever gonna say goodbye\nNever gonna tell a lie and hurt you\n\n#RickAstley #NeverGonnaGiveYouUp #WheneverYouNeedSomebody #OfficialMusicVideo",
    "transcript": "",
    "generated_caption": "",
    "generated_script": "",
    "generated_title": "",
    "generated_description": "",
    "views_count": 1760073648,
    "likes_count": 18919977,
    "comments_count": 2400000,
    "shares_count": null,
    "engagement_rate": "1.21",
    "video_duration": null,
    "published_at": "2009-10-24T00:00:00Z",
    "play_count": null,
    "saves_count": null,
    "author_followers": null,
    "has_audio": true,
    "is_video": true,
    "created_at": "2026-04-07T15:37:39.688Z",
    "updated_at": "2026-04-07T15:37:39.688Z"
  }
},
{
  "model": "saas.competitoraccount",
  "pk": 1,
  "fields": {
    "workspace": 1,
    "platform": "instagram",
    "username": "test_competitor",
    "url": "https://instagram.com/test_competitor",
    "is_active": true,
    "last_scraped_at": null,
    "notes": "Тестовый аккаунт конкурента для проверки функционала",
    "created_at": "2026-01-12T17:39:17.760Z",
    "updated_at": "2026-01-12T17:39:17.760Z"
  }
},
{
  "model": "saas.competitoraccount",
  "pk": 2,
  "fields": {
    "workspace": 2,
    "platform": "instagram",
    "username": "competitor_example",
    "url": "https://instagram.com/competitor_example",
    "is_active": true,
    "last_scraped_at": null,
    "notes": "ример конкурента из Instagram",
    "created_at": "2026-01-12T17:42:17.726Z",
    "updated_at": "2026-01-12T17:42:17.726Z"
  }
},
{
  "model": "saas.competitoraccount",
  "pk": 3,
  "fields": {
    "workspace": 4,
    "platform": "instagram",
    "username": "natgeo",
    "url": "https://instagram.com/natgeo",
    "is_active": true,
    "last_scraped_at": null,
    "notes": "National Geographic - эталон визуального контента",
    "created_at": "2026-01-12T17:44:39.247Z",
    "updated_at": "2026-01-12T17:44:39.247Z"
  }
},
{
  "model": "saas.competitoraccount",
  "pk": 4,
  "fields": {
    "workspace": 4,
    "platform": "instagram",
    "username": "gopro",
    "url": "https://instagram.com/gopro",
    "is_active": true,
    "last_scraped_at": null,
    "notes": "GoPro - экшн контент и пользовательский контент",
    "created_at": "2026-01-12T17:44:39.433Z",
    "updated_at": "2026-01-12T17:44:39.433Z"
  }
},
{
  "model": "saas.competitoraccount",
  "pk": 5,
  "fields": {
    "workspace": 4,
    "platform": "tiktok",
    "username": "duolingo",
    "url": "https://tiktok.com/@duolingo",
    "is_active": true,
    "last_scraped_at": null,
    "notes": "Duolingo - вирусный маркетинг через мемы",
    "created_at": "2026-01-12T17:44:39.552Z",
    "updated_at": "2026-01-12T17:44:39.553Z"
  }
},
{
  "model": "saas.competitoraccount",
  "pk": 6,
  "fields": {
    "workspace": 4,
    "platform": "youtube",
    "username": "mkbhd",
    "url": "https://www.youtube.com/watch?v=dQw4w9WgXcQ",
    "is_active": true,
    "last_scraped_at": "2026-04-07T15:37:39.766Z",
    "notes": "Marques Brownlee - качество и продакшн",
    "created_at": "2026-01-12T17:44:39.647Z",
    "updated_at": "2026-04-07T15:24:55.287Z"
  }
},
{
  "model": "saas.systemsettings",
  "pk": 1,
  "fields": {
    "auto_scraping_enabled": true,
    "scraping_hour": 9,
    "scraping_minute": 0,
    "max_parse_depth": 10,
    "max_workspaces_per_user": 5,
    "max_api_calls_per_day": 500,
    "last_scraping_check": "2026-04-07T15:37:33.165Z",
    "created_at": "2026-01-12T19:06:47.171Z",
    "updated_at": "2026-04-07T15:38:30.623Z"
  }
},
{
  "model": "saas.invitetoken",
  "pk": 1,
  "fields": {
    "token": "dOt9XeTNIhGS_k8F6D9QPPSzV7gBEgYEJKB6lGxw9Q4",
    "email": "",
    "workspace": 4,
    "role": "editor",
    "expires_at": "2026-12-31T23:59:59Z",
    "used": true,
    "used_by": 6,
    "created_by": 3,
    "created_at": "2026-04-08T10:08:16.811Z"
  }
},
{
  "model": "token_blacklist.outstandingtoken",
  "pk": 1,
  "fields": {
    "user": 5,
    "jti": "1d94603e744d42ffbb30fd6724bf0743",
    "token": "eyJhbGciOiJIUzI1NiIsInR5cCI6IkpXVCJ9.eyJ0b2tlbl90eXBlIjoicmVmcmVzaCIsImV4cCI6MTc3Nzg5MDM3MiwiaWF0IjoxNzc1Mjk4MzcyLCJqdGkiOiIxZDk0NjAzZTc0NGQ0MmZmYmIzMGZkNjcyNGJmMDc0MyIsInVzZXJfaWQiOiI1In0.r2W1RXC-mzPnCa2VkDdU23-cDgvuo9Z0QosfcrXKYpk",
    "created_at": "2026-04-04T10:26:12.580Z",
    "expires_at": "2026-05-04T10:26:12Z"
  }
},
{
  "model": "token_blacklist.outstandingtoken",
  "pk": 2,
  "fields": {
    "user": 2,
    "jti": "259d901ec87c48a7b7dd25034a617522",
    "token": "eyJhbGciOiJIUzI1NiIsInR5cCI6IkpXVCJ9.eyJ0b2tlbl90eXBlIjoicmVmcmVzaCIsImV4cCI6MTc3Nzg5MTQ5NiwiaWF0IjoxNzc1Mjk5NDk2LCJqdGkiOiIyNTlkOTAxZWM4N2M0OGE3YjdkZDI1MDM0YTYxNzUyMiIsInVzZXJfaWQiOiIyIn0.AboWShQZ2Y0txQUmLj8_AWWJf2cYENQ0EYM96X0mZyY",
    "created_at": "2026-04-04T10:44:56.485Z",
    "expires_at": "2026-05-04T10:44:56Z"
  }
},
{
  "model": "token_blacklist.outstandingtoken",
  "pk": 3,
  "fields": {
    "user": 3,
    "jti": "bf2bfe6e9d9f4e7ca1f7f944fe5ed1b7",
    "token": "eyJhbGciOiJIUzI1NiIsInR5cCI6IkpXVCJ9.eyJ0b2tlbl90eXBlIjoicmVmcmVzaCIsImV4cCI6MTc3Nzg5MTc1MCwiaWF0IjoxNzc1Mjk5NzUwLCJqdGkiOiJiZjJiZmU2ZTlkOWY0ZTdjYTFmN2Y5NDRmZTVlZDFiNyIsInVzZXJfaWQiOiIzIn0.U3I9ek5ObbrMblWSaV03lW-y_BP-TuNngz73qDt6wUg",
    "created_at": "2026-04-04T10:49:10.943Z",
    "expires_at": "2026-05-04T10:49:10Z"
  }
},
{
  "model": "token_blacklist.outstandingtoken",
  "pk": 4,
  "fields": {
    "user": 3,
    "jti": "51009d3e07104067abfc6b5fbcc07073",
    "token": "eyJhbGciOiJIUzI1NiIsInR5cCI6IkpXVCJ9.eyJ0b2tlbl90eXBlIjoicmVmcmVzaCIsImV4cCI6MTc3Nzg5NTgyOCwiaWF0IjoxNzc1MzAzODI4LCJqdGkiOiI1MTAwOWQzZTA3MTA0MDY3YWJmYzZiNWZiY2MwNzA3MyIsInVzZXJfaWQiOiIzIn0.OyWqXhTSPOXYmUsDqq2rXu-SNZ0qrTVJFLQJDXDagNI",
    "created_at": "2026-04-04T11:57:08.104Z",
    "expires_at": "2026-05-04T11:57:08Z"
  }
},
{
  "model": "token_blacklist.outstandingtoken",
  "pk": 5,
  "fields": {
    "user": 3,
    "jti": "d7b0ba7c33b34fb2b1ad5530752a5629",
    "token": "eyJhbGciOiJIUzI1NiIsInR5cCI6IkpXVCJ9.eyJ0b2tlbl90eXBlIjoicmVmcmVzaCIsImV4cCI6MTc3Nzg5NTgyOCwiaWF0IjoxNzc1MzAzODI4LCJqdGkiOiJkN2IwYmE3YzMzYjM0ZmIyYjFhZDU1MzA3NTJhNTYyOSIsInVzZXJfaWQiOiIzIn0.Nbw667sQdIbVlbXUpWY5HWltB3yaytIMBojgUn5vBSM",
    "created_at": "2026-04-04T11:57:08.076Z",
    "expires_at": "2026-05-04T11:57:08Z"
  }
},
{
  "model": "token_blacklist.outstandingtoken",
  "pk": 6,
  "fields": {
    "user": 3,
    "jti": "b12b6029c47944c8b1346218e4e6ad77",
    "token": "eyJhbGciOiJIUzI1NiIsInR5cCI6IkpXVCJ9.eyJ0b2tlbl90eXBlIjoicmVmcmVzaCIsImV4cCI6MTc3Nzg5NTgzMSwiaWF0IjoxNzc1MzAzODMxLCJqdGkiOiJiMTJiNjAyOWM0Nzk0NGM4YjEzNDYyMThlNGU2YWQ3NyIsInVzZXJfaWQiOiIzIn0.FPgaHBjRbVZHX6TaQ2hT-EFNwOlyl2Um7CEcs3y6P24",
    "created_at": "2026-04-04T11:57:11.793Z",
    "expires_at": "2026-05-04T11:57:11Z"
  }
},
{
  "model": "token_blacklist.outstandingtoken",
  "pk": 7,
  "fields": {
    "user": 3,
    "jti": "b9fb36d3c5cb435d938de871dccee928",
    "token": "eyJhbGciOiJIUzI1NiIsInR5cCI6IkpXVCJ9.eyJ0b2tlbl90eXBlIjoicmVmcmVzaCIsImV4cCI6MTc3Nzg5OTU3MywiaWF0IjoxNzc1MzA3NTczLCJqdGkiOiJiOWZiMzZkM2M1Y2I0MzVkOTM4ZGU4NzFkY2NlZTkyOCIsInVzZXJfaWQiOiIzIn0.xiOCyQIUh9vjTbn_XdAbkZPfhZHne6o6nIZOapZ85sc",
    "created_at": "2026-04-04T12:59:33.792Z",
    "expires_at": "2026-05-04T12:59:33Z"
  }
},
{
  "model": "token_blacklist.outstandingtoken",
  "pk": 8,
  "fields": {
    "user": 3,
    "jti": "aeeb7a0251074ad99b12f9329ea412f2",
    "token": "eyJhbGciOiJIUzI1NiIsInR5cCI6IkpXVCJ9.eyJ0b2tlbl90eXBlIjoicmVmcmVzaCIsImV4cCI6MTc3Nzg5OTU3OCwiaWF0IjoxNzc1MzA3NTc4LCJqdGkiOiJhZWViN2EwMjUxMDc0YWQ5OWIxMmY5MzI5ZWE0MTJmMiIsInVzZXJfaWQiOiIzIn0.M0YOcqTiFayZLBzGLRkfc9WB5NKpDTw8aD7OdkRyFqU",
    "created_at": "2026-04-04T12:59:38.111Z",
    "expires_at": "2026-05-04T12:59:38Z"
  }
},
{
  "model": "token_blacklist.outstandingtoken",
  "pk": 9,
  "fields": {
    "user": 3,
    "jti": "0045a6c62e814c03b21d24375d9840eb",
    "token": "eyJhbGciOiJIUzI1NiIsInR5cCI6IkpXVCJ9.eyJ0b2tlbl90eXBlIjoicmVmcmVzaCIsImV4cCI6MTc3NzkwMTgxMywiaWF0IjoxNzc1MzA5ODEzLCJqdGkiOiIwMDQ1YTZjNjJlODE0YzAzYjIxZDI0Mzc1ZDk4NDBlYiIsInVzZXJfaWQiOiIzIn0.l1fkGKxJk_aUfY0prYHlrXHFq6sWGdxMfYwhhS8PLXw",
    "created_at": "2026-04-04T13:36:53.210Z",
    "expires_at": "2026-05-04T13:36:53Z"
  }
},
{
  "model": "token_blacklist.outstandingtoken",
  "pk": 10,
  "fields": {
    "user": 3,
    "jti": "951180118f284b37a47514b885c49b70",
    "token": "eyJhbGciOiJIUzI1NiIsInR5cCI6IkpXVCJ9.eyJ0b2tlbl90eXBlIjoicmVmcmVzaCIsImV4cCI6MTc3NzkwMTg4OCwiaWF0IjoxNzc1MzA5ODg4LCJqdGkiOiI5NTExODAxMThmMjg0YjM3YTQ3NTE0Yjg4NWM0OWI3MCIsInVzZXJfaWQiOiIzIn0.RXOAdLUWULOAFmrdM5dDbcAhmSFuXUglOjH3dTpMDvs",
    "created_at": "2026-04-04T13:38:08.226Z",
    "expires_at": "2026-05-04T13:38:08Z"
  }
},
{
  "model": "token_blacklist.outstandingtoken",
  "pk": 11,
  "fields": {
    "user": 3,
    "jti": "6f6189b014fb49f3b0f2f1730722fd4f",
    "token": "eyJhbGciOiJIUzI1NiIsInR5cCI6IkpXVCJ9.eyJ0b2tlbl90eXBlIjoicmVmcmVzaCIsImV4cCI6MTc3NzkwMjEwNywiaWF0IjoxNzc1MzEwMTA3LCJqdGkiOiI2ZjYxODliMDE0ZmI0OWYzYjBmMmYxNzMwNzIyZmQ0ZiIsInVzZXJfaWQiOiIzIn0.s-1aqA0DzToLQQKYTq_Kb3RcEOLqNMNvPI7l-XT5Kcc",
    "created_at": "2026-04-04T13:41:47.017Z",
    "expires_at": "2026-05-04T13:41:47Z"
  }
},
{
  "model": "token_blacklist.outstandingtoken",
  "pk": 12,
  "fields": {
    "user": 3,
    "jti": "91763fc0846d45fb8ff464d23212ed84",
    "token": "eyJhbGciOiJIUzI1NiIsInR5cCI6IkpXVCJ9.eyJ0b2tlbl90eXBlIjoicmVmcmVzaCIsImV4cCI6MTc3NzkwNjk2NSwiaWF0IjoxNzc1MzE0OTY1LCJqdGkiOiI5MTc2M2ZjMDg0NmQ0NWZiOGZmNDY0ZDIzMjEyZWQ4NCIsInVzZXJfaWQiOiIzIn0.AP-3skyil3w5uFTyD9JHORYkuSyG5s45GG-VHRVdtU8",
    "created_at": "2026-04-04T15:02:45.115Z",
    "expires_at": "2026-05-04T15:02:45Z"
  }
},
{
  "model": "token_blacklist.outstandingtoken",
  "pk": 13,
  "fields": {
    "user": 3,
    "jti": "18ba1fb4d769429fbbcabb8da88725c8",
    "token": "eyJhbGciOiJIUzI1NiIsInR5cCI6IkpXVCJ9.eyJ0b2tlbl90eXBlIjoicmVmcmVzaCIsImV4cCI6MTc3NzkwNzAxOCwiaWF0IjoxNzc1MzE1MDE4LCJqdGkiOiIxOGJhMWZiNGQ3Njk0MjlmYmJjYWJiOGRhODg3MjVjOCIsInVzZXJfaWQiOiIzIn0.E4mnogaXb1NT6bapCBQJw-CM5HKoVXHsae3cW3JumVc",
    "created_at": "2026-04-04T15:03:38.653Z",
    "expires_at": "2026-05-04T15:03:38Z"
  }
},
{
  "model": "token_blacklist.outstandingtoken",
  "pk": 14,
  "fields": {
    "user": 3,
    "jti": "5e43ad587c3847c8a4f84a0d5ca3b87f",
    "token": "eyJhbGciOiJIUzI1NiIsInR5cCI6IkpXVCJ9.eyJ0b2tlbl90eXBlIjoicmVmcmVzaCIsImV4cCI6MTc3NzkxMDY5MCwiaWF0IjoxNzc1MzE4NjkwLCJqdGkiOiI1ZTQzYWQ1ODdjMzg0N2M4YTRmODRhMGQ1Y2EzYjg3ZiIsInVzZXJfaWQiOiIzIn0.n75LOuCYlPAnNFd999cim1hO08_vMLnKRKN3Gj7tfaI",
    "created_at": "2026-04-04T16:04:50.162Z",
    "expires_at": "2026-05-04T16:04:50Z"
  }
},
{
  "model": "token_blacklist.outstandingtoken",
  "pk": 15,
  "fields": {
    "user": 3,
    "jti": "dbc843d7a18b451cbe06dfa63bd50b3b",
    "token": "eyJhbGciOiJIUzI1NiIsInR5cCI6IkpXVCJ9.eyJ0b2tlbl90eXBlIjoicmVmcmVzaCIsImV4cCI6MTc3NzkxNDM2MiwiaWF0IjoxNzc1MzIyMzYyLCJqdGkiOiJkYmM4NDNkN2ExOGI0NTFjYmUwNmRmYTYzYmQ1MGIzYiIsInVzZXJfaWQiOiIzIn0.c7QDVdyjAzfbfTfS69KgTZhguG0HFZmol3C8rkHmv0A",
    "created_at": "2026-04-04T17:06:02.631Z",
    "expires_at": "2026-05-04T17:06:02Z"
  }
},
{
  "model": "token_blacklist.outstandingtoken",
  "pk": 16,
  "fields": {
    "user": 3,
    "jti": "78b95f02a2dd4815b904cd5d4f28dbe1",
    "token": "eyJhbGciOiJIUzI1NiIsInR5cCI6IkpXVCJ9.eyJ0b2tlbl90eXBlIjoicmVmcmVzaCIsImV4cCI6MTc3NzkxNDY3NiwiaWF0IjoxNzc1MzIyNjc2LCJqdGkiOiI3OGI5NWYwMmEyZGQ0ODE1YjkwNGNkNWQ0ZjI4ZGJlMSIsInVzZXJfaWQiOiIzIn0.qspQf2Uu_jLfqgk-S4XOphE_dAPQ7YcNrRozUKKaGKM",
    "created_at": "2026-04-04T17:11:16.873Z",
    "expires_at": "2026-05-04T17:11:16Z"
  }
},
{
  "model": "token_blacklist.outstandingtoken",
  "pk": 17,
  "fields": {
    "user": 3,
    "jti": "5800bf18a6ce4490ba616978cd775049",
    "token": "eyJhbGciOiJIUzI1NiIsInR5cCI6IkpXVCJ9.eyJ0b2tlbl90eXBlIjoicmVmcmVzaCIsImV4cCI6MTc3NzkxNDcwOSwiaWF0IjoxNzc1MzIyNzA5LCJqdGkiOiI1ODAwYmYxOGE2Y2U0NDkwYmE2MTY5NzhjZDc3NTA0OSIsInVzZXJfaWQiOiIzIn0.f1mdFa4UcHKZyDo0GS6VkB74CKRZuU-ffllbOCtu_nA",
    "created_at": "2026-04-04T17:11:49.167Z",
    "expires_at": "2026-05-04T17:11:49Z"
  }
},
{
  "model": "token_blacklist.outstandingtoken",
  "pk": 18,
  "fields": {
    "user": 3,
    "jti": "eb249d32a6c249e29475d2709aa1bdef",
    "token": "eyJhbGciOiJIUzI1NiIsInR5cCI6IkpXVCJ9.eyJ0b2tlbl90eXBlIjoicmVmcmVzaCIsImV4cCI6MTc3NzkxNTUxOSwiaWF0IjoxNzc1MzIzNTE5LCJqdGkiOiJlYjI0OWQzMmE2YzI0OWUyOTQ3NWQyNzA5YWExYmRlZiIsInVzZXJfaWQiOiIzIn0.fbhKUtFdrqk5qvdw93qhl-npHNYO0wM1f06ZXzY_vs4",
    "created_at": "2026-04-04T17:25:19.774Z",
    "expires_at": "2026-05-04T17:25:19Z"
  }
},
{
  "model": "token_blacklist.outstandingtoken",
  "pk": 19,
  "fields": {
    "user": 3,
    "jti": "a422f7ab0b3a41938467f3702f76023d",
    "token": "eyJhbGciOiJIUzI1NiIsInR5cCI6IkpXVCJ9.eyJ0b2tlbl90eXBlIjoicmVmcmVzaCIsImV4cCI6MTc3ODE1NjA1MSwiaWF0IjoxNzc1NTY0MDUxLCJqdGkiOiJhNDIyZjdhYjBiM2E0MTkzODQ2N2YzNzAyZjc2MDIzZCIsInVzZXJfaWQiOiIzIn0.i_NNNgaSr6BNdv9qOl0O0J_f36NDe6iuQWQNu0Apoz0",
    "created_at": "2026-04-07T12:14:11.669Z",
    "expires_at": "2026-05-07T12:14:11Z"
  }
},
{
  "model": "token_blacklist.outstandingtoken",
  "pk": 20,
  "fields": {
    "user": 3,
    "jti": "3be280d9d6f749e4bc088ba593b8e24b",
    "token": "eyJhbGciOiJIUzI1NiIsInR5cCI6IkpXVCJ9.eyJ0b2tlbl90eXBlIjoicmVmcmVzaCIsImV4cCI6MTc3ODE2MTI2MywiaWF0IjoxNzc1NTY5MjYzLCJqdGkiOiIzYmUyODBkOWQ2Zjc0OWU0YmMwODhiYTU5M2I4ZTI0YiIsInVzZXJfaWQiOiIzIn0.VXAMraDfK6PsGdaV4AgAG7mz0wlJDNw7MrK-psvtHDw",
    "created_at": "2026-04-07T13:41:03.018Z",
    "expires_at": "2026-05-07T13:41:03Z"
  }
},
{
  "model": "token_blacklist.outstandingtoken",
  "pk": 21,
  "fields": {
    "user": 3,
    "jti": "5fdb12883dcf4837af5d1e4bbc114c85",
    "token": "eyJhbGciOiJIUzI1NiIsInR5cCI6IkpXVCJ9.eyJ0b2tlbl90eXBlIjoicmVmcmVzaCIsImV4cCI6MTc3ODE2MTI2MywiaWF0IjoxNzc1NTY5MjYzLCJqdGkiOiI1ZmRiMTI4ODNkY2Y0ODM3YWY1ZDFlNGJiYzExNGM4NSIsInVzZXJfaWQiOiIzIn0.leRA2fBcJTZ5vsQVC7GCKNFmNzzNlg-bJdVx9z9GnuU",
    "created_at": "2026-04-07T13:41:03.010Z",
    "expires_at": "2026-05-07T13:41:03Z"
  }
},
{
  "model": "token_blacklist.outstandingtoken",
  "pk": 22,
  "fields": {
    "user": 3,
    "jti": "6df58250f3024a77bd902049aafd3c03",
    "token": "eyJhbGciOiJIUzI1NiIsInR5cCI6IkpXVCJ9.eyJ0b2tlbl90eXBlIjoicmVmcmVzaCIsImV4cCI6MTc3ODE2MjU2MiwiaWF0IjoxNzc1NTcwNTYyLCJqdGkiOiI2ZGY1ODI1MGYzMDI0YTc3YmQ5MDIwNDlhYWZkM2MwMyIsInVzZXJfaWQiOiIzIn0.KnjIKM4paQsDKdLBGCDmaBRcxcVpwo3-JqJWAYoDC2s",
    "created_at": "2026-04-07T14:02:42.116Z",
    "expires_at": "2026-05-07T14:02:42Z"
  }
},
{
  "model": "token_blacklist.outstandingtoken",
  "pk": 23,
  "fields": {
    "user": 3,
    "jti": "0583ee03d48946ac987defcf577ddade",
    "token": "eyJhbGciOiJIUzI1NiIsInR5cCI6IkpXVCJ9.eyJ0b2tlbl90eXBlIjoicmVmcmVzaCIsImV4cCI6MTc3ODE2NTEzMywiaWF0IjoxNzc1NTczMTMzLCJqdGkiOiIwNTgzZWUwM2Q0ODk0NmFjOTg3ZGVmY2Y1NzdkZGFkZSIsInVzZXJfaWQiOiIzIn0.EO2J1_qKnnMs6BCY8NUuO5pnWwkExYPLkmfXDnSNVT8",
    "created_at": "2026-04-07T14:45:33.807Z",
    "expires_at": "2026-05-07T14:45:33Z"
  }
},
{
  "model": "token_blacklist.outstandingtoken",
  "pk": 24,
  "fields": {
    "user": 3,
    "jti": "83db8a557a9c4ceea4124c1164918ac9",
    "token": "eyJhbGciOiJIUzI1NiIsInR5cCI6IkpXVCJ9.eyJ0b2tlbl90eXBlIjoicmVmcmVzaCIsImV4cCI6MTc3ODE2NTE4NywiaWF0IjoxNzc1NTczMTg3LCJqdGkiOiI4M2RiOGE1NTdhOWM0Y2VlYTQxMjRjMTE2NDkxOGFjOSIsInVzZXJfaWQiOiIzIn0.ZyFZGzKERnIufpxhkzeECncza-uDisDVMsH558Ebx1Y",
    "created_at": "2026-04-07T14:46:27.510Z",
    "expires_at": "2026-05-07T14:46:27Z"
  }
},
{
  "model": "token_blacklist.outstandingtoken",
  "pk": 25,
  "fields": {
    "user": 3,
    "jti": "f45b007f8423474886924a2e73d196e1",
    "token": "eyJhbGciOiJIUzI1NiIsInR5cCI6IkpXVCJ9.eyJ0b2tlbl90eXBlIjoicmVmcmVzaCIsImV4cCI6MTc3ODE2NTQzNywiaWF0IjoxNzc1NTczNDM3LCJqdGkiOiJmNDViMDA3Zjg0MjM0NzQ4ODY5MjRhMmU3M2QxOTZlMSIsInVzZXJfaWQiOiIzIn0.PJvRFbg45Hx77Xa8kGjIaAbPDAZHtcHdCQh5zHvvHTA",
    "created_at": "2026-04-07T14:50:37.974Z",
    "expires_at": "2026-05-07T14:50:37Z"
  }
},
{
  "model": "token_blacklist.outstandingtoken",
  "pk": 26,
  "fields": {
    "user": 3,
    "jti": "acfabf10f7ed4114984b229a4bad6d21",
    "token": "eyJhbGciOiJIUzI1NiIsInR5cCI6IkpXVCJ9.eyJ0b2tlbl90eXBlIjoicmVmcmVzaCIsImV4cCI6MTc3ODE2NTY1MCwiaWF0IjoxNzc1NTczNjUwLCJqdGkiOiJhY2ZhYmYxMGY3ZWQ0MTE0OTg0YjIyOWE0YmFkNmQyMSIsInVzZXJfaWQiOiIzIn0.aBLrIKrNIDxRq6oSM0j0g4XT9LfaKwawfzd55jmt40Q",
    "created_at": "2026-04-07T14:54:10.195Z",
    "expires_at": "2026-05-07T14:54:10Z"
  }
},
{
  "model": "token_blacklist.outstandingtoken",
  "pk": 27,
  "fields": {
    "user": 3,
    "jti": "9cf84287f237412ead516da8d6f6245e",
    "token": "eyJhbGciOiJIUzI1NiIsInR5cCI6IkpXVCJ9.eyJ0b2tlbl90eXBlIjoicmVmcmVzaCIsImV4cCI6MTc3ODE2NTk2OCwiaWF0IjoxNzc1NTczOTY4LCJqdGkiOiI5Y2Y4NDI4N2YyMzc0MTJlYWQ1MTZkYThkNmY2MjQ1ZSIsInVzZXJfaWQiOiIzIn0.9KFiUdH2XMcfvqnQ6jW_4-1cfDl8oKSFESMJxEUO8qg",
    "created_at": "2026-04-07T14:59:28.831Z",
    "expires_at": "2026-05-07T14:59:28Z"
  }
},
{
  "model": "token_blacklist.outstandingtoken",
  "pk": 28,
  "fields": {
    "user": 3,
    "jti": "63e82b0ecfcc4aa99c2f6867f5c91eb3",
    "token": "eyJhbGciOiJIUzI1NiIsInR5cCI6IkpXVCJ9.eyJ0b2tlbl90eXBlIjoicmVmcmVzaCIsImV4cCI6MTc3ODE2OTY4MSwiaWF0IjoxNzc1NTc3NjgxLCJqdGkiOiI2M2U4MmIwZWNmY2M0YWE5OWMyZjY4NjdmNWM5MWViMyIsInVzZXJfaWQiOiIzIn0.piowAgJ44U_033lksJTF6YHD1HQD6ButQMtpMDgRswc",
    "created_at": "2026-04-07T16:01:21.509Z",
    "expires_at": "2026-05-07T16:01:21Z"
  }
},
{
  "model": "token_blacklist.outstandingtoken",
  "pk": 29,
  "fields": {
    "user": 3,
    "jti": "684bc1e3e0d54707a2211576dbebbacb",
    "token": "eyJhbGciOiJIUzI1NiIsInR5cCI6IkpXVCJ9.eyJ0b2tlbl90eXBlIjoicmVmcmVzaCIsImV4cCI6MTc3ODE2OTcwOCwiaWF0IjoxNzc1NTc3NzA4LCJqdGkiOiI2ODRiYzFlM2UwZDU0NzA3YTIyMTE1NzZkYmViYmFjYiIsInVzZXJfaWQiOiIzIn0.8NW0O6r7v2Zmpet3Zx1HhYcKyzDdaOrnhyMSOVEa6pQ",
    "created_at": "2026-04-07T16:01:48.716Z",
    "expires_at": "2026-05-07T16:01:48Z"
  }
},
{
  "model": "token_blacklist.outstandingtoken",
  "pk": 30,
  "fields": {
    "user": 3,
    "jti": "6d0d3771c6a240c0b03de80ddd16aa86",
    "token": "eyJhbGciOiJIUzI1NiIsInR5cCI6IkpXVCJ9.eyJ0b2tlbl90eXBlIjoicmVmcmVzaCIsImV4cCI6MTc3ODE2OTg1MywiaWF0IjoxNzc1NTc3ODUzLCJqdGkiOiI2ZDBkMzc3MWM2YTI0MGMwYjAzZGU4MGRkZDE2YWE4NiIsInVzZXJfaWQiOiIzIn0.Od8LN3Ruf755Fyu8R5IZsZNsinS8VjnZ6Fc1CQ5Xkok",
    "created_at": "2026-04-07T16:04:13.036Z",
    "expires_at": "2026-05-07T16:04:13Z"
  }
},
{
  "model": "token_blacklist.outstandingtoken",
  "pk": 31,
  "fields": {
    "user": 3,
    "jti": "ca865eb6544d4a2d8a79e884dd3da0d3",
    "token": "eyJhbGciOiJIUzI1NiIsInR5cCI6IkpXVCJ9.eyJ0b2tlbl90eXBlIjoicmVmcmVzaCIsImV4cCI6MTc3ODE3MDAwOSwiaWF0IjoxNzc1NTc4MDA5LCJqdGkiOiJjYTg2NWViNjU0NGQ0YTJkOGE3OWU4ODRkZDNkYTBkMyIsInVzZXJfaWQiOiIzIn0.rNhBtugPWFRR1nMfh9clYxI6XVLlG5yVlV0zOAvPN0U",
    "created_at": "2026-04-07T16:06:49.850Z",
    "expires_at": "2026-05-07T16:06:49Z"
  }
},
{
  "model": "token_blacklist.outstandingtoken",
  "pk": 32,
  "fields": {
    "user": 3,
    "jti": "fe0c00e60c744a17b64792a9c59c8be9",
    "token": "eyJhbGciOiJIUzI1NiIsInR5cCI6IkpXVCJ9.eyJ0b2tlbl90eXBlIjoicmVmcmVzaCIsImV4cCI6MTc3ODE3MDAwOSwiaWF0IjoxNzc1NTc4MDA5LCJqdGkiOiJmZTBjMDBlNjBjNzQ0YTE3YjY0NzkyYTljNTljOGJlOSIsInVzZXJfaWQiOiIzIn0.vNx_Idv05keFdawH9o6fn8sAziSe0st3v75c0eOLKsE",
    "created_at": "2026-04-07T16:06:49.875Z",
    "expires_at": "2026-05-07T16:06:49Z"
  }
},
{
  "model": "token_blacklist.outstandingtoken",
  "pk": 33,
  "fields": {
    "user": 3,
    "jti": "ad32df6f3c91487a97e03fe46173f1b0",
    "token": "eyJhbGciOiJIUzI1NiIsInR5cCI6IkpXVCJ9.eyJ0b2tlbl90eXBlIjoicmVmcmVzaCIsImV4cCI6MTc3ODE3MDAxNSwiaWF0IjoxNzc1NTc4MDE1LCJqdGkiOiJhZDMyZGY2ZjNjOTE0ODdhOTdlMDNmZTQ2MTczZjFiMCIsInVzZXJfaWQiOiIzIn0.cZXYbQP66ZAtqVB-bAfpO3l75ulRWeoh-SoJ1xmOKkQ",
    "created_at": "2026-04-07T16:06:55.989Z",
    "expires_at": "2026-05-07T16:06:55Z"
  }
},
{
  "model": "token_blacklist.outstandingtoken",
  "pk": 34,
  "fields": {
    "user": 3,
    "jti": "bfb75d570115423d90852f9272781b0f",
    "token": "eyJhbGciOiJIUzI1NiIsInR5cCI6IkpXVCJ9.eyJ0b2tlbl90eXBlIjoicmVmcmVzaCIsImV4cCI6MTc3ODE3NDQ1MCwiaWF0IjoxNzc1NTgyNDUwLCJqdGkiOiJiZmI3NWQ1NzAxMTU0MjNkOTA4NTJmOTI3Mjc4MWIwZiIsInVzZXJfaWQiOiIzIn0.G93lTPRZvswSCmW34SQr15xTwy8-5eX28ZCXVaxJZLM",
    "created_at": "2026-04-07T17:20:50.237Z",
    "expires_at": "2026-05-07T17:20:50Z"
  }
},
{
  "model": "token_blacklist.outstandingtoken",
  "pk": 35,
  "fields": {
    "user": 3,
    "jti": "6df267906d614ac29bd19be0e0789186",
    "token": "eyJhbGciOiJIUzI1NiIsInR5cCI6IkpXVCJ9.eyJ0b2tlbl90eXBlIjoicmVmcmVzaCIsImV4cCI6MTc3ODE3NDQ1MCwiaWF0IjoxNzc1NTgyNDUwLCJqdGkiOiI2ZGYyNjc5MDZkNjE0YWMyOWJkMTliZTBlMDc4OTE4NiIsInVzZXJfaWQiOiIzIn0.0cRPLLWZ6mhGQIVZzRM3SDn_2zvOOKXmlwfStbRal1g",
    "created_at": "2026-04-07T17:20:50.232Z",
    "expires_at": "2026-05-07T17:20:50Z"
  }
},
{
  "model": "token_blacklist.outstandingtoken",
  "pk": 36,
  "fields": {
    "user": 3,
    "jti": "6277761e53334c8b9105973644aa96e5",
    "token": "eyJhbGciOiJIUzI1NiIsInR5cCI6IkpXVCJ9.eyJ0b2tlbl90eXBlIjoicmVmcmVzaCIsImV4cCI6MTc3ODE3NDQ1MywiaWF0IjoxNzc1NTgyNDUzLCJqdGkiOiI2Mjc3NzYxZTUzMzM0YzhiOTEwNTk3MzY0NGFhOTZlNSIsInVzZXJfaWQiOiIzIn0.vxqEd-8KT2vy4-mnl2mOHXkQIjFaASMNK4bfCuGXmY8",
    "created_at": "2026-04-07T17:20:53.454Z",
    "expires_at": "2026-05-07T17:20:53Z"
  }
},
{
  "model": "token_blacklist.outstandingtoken",
  "pk": 37,
  "fields": {
    "user": 3,
    "jti": "eb8b2b582bb64cfa8194dfd973193c42",
    "token": "eyJhbGciOiJIUzI1NiIsInR5cCI6IkpXVCJ9.eyJ0b2tlbl90eXBlIjoicmVmcmVzaCIsImV4cCI6MTc3ODE3NTEyNSwiaWF0IjoxNzc1NTgzMTI1LCJqdGkiOiJlYjhiMmI1ODJiYjY0Y2ZhODE5NGRmZDk3MzE5M2M0MiIsInVzZXJfaWQiOiIzIn0.DFqzZEp6MqeCmu7NesGQ19KYDT7bUu2E1m471JWlLK8",
    "created_at": "2026-04-07T17:32:05.935Z",
    "expires_at": "2026-05-07T17:32:05Z"
  }
},
{
  "model": "token_blacklist.outstandingtoken",
  "pk": 38,
  "fields": {
    "user": 3,
    "jti": "ab7c004045904a24bc38943ba9275595",
    "token": "eyJhbGciOiJIUzI1NiIsInR5cCI6IkpXVCJ9.eyJ0b2tlbl90eXBlIjoicmVmcmVzaCIsImV4cCI6MTc3ODE3NTI1MCwiaWF0IjoxNzc1NTgzMjUwLCJqdGkiOiJhYjdjMDA0MDQ1OTA0YTI0YmMzODk0M2JhOTI3NTU5NSIsInVzZXJfaWQiOiIzIn0.5fM7TiYThUTLRSf2ezeyh3k35AaWOOliKX7PYGvbXtc",
    "created_at": "2026-04-07T17:34:10.221Z",
    "expires_at": "2026-05-07T17:34:10Z"
  }
},
{
  "model": "token_blacklist.outstandingtoken",
  "pk": 39,
  "fields": {
    "user": 3,
    "jti": "1718407edea74068bfb1cd2265a32ff4",
    "token": "eyJhbGciOiJIUzI1NiIsInR5cCI6IkpXVCJ9.eyJ0b2tlbl90eXBlIjoicmVmcmVzaCIsImV4cCI6MTc3ODE3NTU1NiwiaWF0IjoxNzc1NTgzNTU2LCJqdGkiOiIxNzE4NDA3ZWRlYTc0MDY4YmZiMWNkMjI2NWEzMmZmNCIsInVzZXJfaWQiOiIzIn0.aRGss4dw3yAgZSKSBH_LHWehAIlLbHkPijdMfVvnEH8",
    "created_at": "2026-04-07T17:39:16.359Z",
    "expires_at": "2026-05-07T17:39:16Z"
  }
},
{
  "model": "token_blacklist.outstandingtoken",
  "pk": 40,
  "fields": {
    "user": 3,
    "jti": "80e3e0b65bf640b4a16a80e090b3de38",
    "token": "eyJhbGciOiJIUzI1NiIsInR5cCI6IkpXVCJ9.eyJ0b2tlbl90eXBlIjoicmVmcmVzaCIsImV4cCI6MTc3ODIzMzYwMSwiaWF0IjoxNzc1NjQxNjAxLCJqdGkiOiI4MGUzZTBiNjViZjY0MGI0YTE2YTgwZTA5MGIzZGUzOCIsInVzZXJfaWQiOiIzIn0.XS-YJagFwP8bfmvv2rNqK-BVEYJ8MQiJFj8F4WCuvcc",
    "created_at": "2026-04-08T09:46:41.099Z",
    "expires_at": "2026-05-08T09:46:41Z"
  }
},
{
  "model": "token_blacklist.outstandingtoken",
  "pk": 41,
  "fields": {
    "user": 3,
    "jti": "aa7d2890289e4b41be5574bcb1aa73d7",
    "token": "eyJhbGciOiJIUzI1NiIsInR5cCI6IkpXVCJ9.eyJ0b2tlbl90eXBlIjoicmVmcmVzaCIsImV4cCI6MTc3ODIzNDA4NCwiaWF0IjoxNzc1NjQyMDg0LCJqdGkiOiJhYTdkMjg5MDI4OWU0YjQxYmU1NTc0YmNiMWFhNzNkNyIsInVzZXJfaWQiOiIzIn0.tTN2bs4ukM7lCXe2EDX_vQRw9oycIgTM9d5OlrZJhtE",
    "created_at": "2026-04-08T09:54:44.274Z",
    "expires_at": "2026-05-08T09:54:44Z"
  }
},
{
  "model": "token_blacklist.outstandingtoken",
  "pk": 42,
  "fields": {
    "user": 3,
    "jti": "f845cf7de06f409180992146d49c4a18",
    "token": "eyJhbGciOiJIUzI1NiIsInR5cCI6IkpXVCJ9.eyJ0b2tlbl90eXBlIjoicmVmcmVzaCIsImV4cCI6MTc3ODIzNDg5NCwiaWF0IjoxNzc1NjQyODk0LCJqdGkiOiJmODQ1Y2Y3ZGUwNmY0MDkxODA5OTIxNDZkNDljNGExOCIsInVzZXJfaWQiOiIzIn0._uuqk2hKqr5trywTqR9U2biD5a3EM5CWxb4MgZjEoi4",
    "created_at": "2026-04-08T10:08:14.678Z",
    "expires_at": "2026-05-08T10:08:14Z"
  }
},
{
  "model": "token_blacklist.outstandingtoken",
  "pk": 43,
  "fields": {
    "user": 6,
    "jti": "707011d1efdb4cdeadbeb97ce3336949",
    "token": "eyJhbGciOiJIUzI1NiIsInR5cCI6IkpXVCJ9.eyJ0b2tlbl90eXBlIjoicmVmcmVzaCIsImV4cCI6MTc3ODIzNDkwMSwiaWF0IjoxNzc1NjQyOTAxLCJqdGkiOiI3MDcwMTFkMWVmZGI0Y2RlYWRiZWI5N2NlMzMzNjk0OSIsInVzZXJfaWQiOiI2In0._GFh7ZDeQE6l4r4AgNhrB7N8FUK0s3PkKY2mTUuErhw",
    "created_at": "2026-04-08T10:08:21.166Z",
    "expires_at": "2026-05-08T10:08:21Z"
  }
},
{
  "model": "token_blacklist.outstandingtoken",
  "pk": 44,
  "fields": {
    "user": 3,
    "jti": "7e32acdcaecd4cc8b493d836eecaed90",
    "token": "eyJhbGciOiJIUzI1NiIsInR5cCI6IkpXVCJ9.eyJ0b2tlbl90eXBlIjoicmVmcmVzaCIsImV4cCI6MTc3ODIzNTE0MSwiaWF0IjoxNzc1NjQzMTQxLCJqdGkiOiI3ZTMyYWNkY2FlY2Q0Y2M4YjQ5M2Q4MzZlZWNhZWQ5MCIsInVzZXJfaWQiOiIzIn0.kG_g7DlyAQ9J92GmQy_oUcHyI-KQD2-D2GyAQ_rVWgs",
    "created_at": "2026-04-08T10:12:21.926Z",
    "expires_at": "2026-05-08T10:12:21Z"
  }
},
{
  "model": "token_blacklist.outstandingtoken",
  "pk": 45,
  "fields": {
    "user": 3,
    "jti": "be507598116249d299f4f220bc13603a",
    "token": "eyJhbGciOiJIUzI1NiIsInR5cCI6IkpXVCJ9.eyJ0b2tlbl90eXBlIjoicmVmcmVzaCIsImV4cCI6MTc3ODIzNTE4MywiaWF0IjoxNzc1NjQzMTgzLCJqdGkiOiJiZTUwNzU5ODExNjI0OWQyOTlmNGYyMjBiYzEzNjAzYSIsInVzZXJfaWQiOiIzIn0.rJ3tmd_zt2199P6Euzf2sjfpsk3ry04kNYjg7aCgdv4",
    "created_at": "2026-04-08T10:13:03.023Z",
    "expires_at": "2026-05-08T10:13:03Z"
  }
},
{
  "model": "token_blacklist.outstandingtoken",
  "pk": 46,
  "fields": {
    "user": 3,
    "jti": "fbb7c5c89d9544baab5173c40e22f692",
    "token": "eyJhbGciOiJIUzI1NiIsInR5cCI6IkpXVCJ9.eyJ0b2tlbl90eXBlIjoicmVmcmVzaCIsImV4cCI6MTc3ODIzNjE5MywiaWF0IjoxNzc1NjQ0MTkzLCJqdGkiOiJmYmI3YzVjODlkOTU0NGJhYWI1MTczYzQwZTIyZjY5MiIsInVzZXJfaWQiOiIzIn0._SWM_yEQAazFbEYkXe22ltBt4r4xPCgMn5kQWhB2toY",
    "created_at": "2026-04-08T10:29:53.848Z",
    "expires_at": "2026-05-08T10:29:53Z"
  }
},
{
  "model": "token_blacklist.outstandingtoken",
  "pk": 47,
  "fields": {
    "user": 3,
    "jti": "c7e6310314044ec7b18c7ab6ba0fb2bc",
    "token": "eyJhbGciOiJIUzI1NiIsInR5cCI6IkpXVCJ9.eyJ0b2tlbl90eXBlIjoicmVmcmVzaCIsImV4cCI6MTc3ODI0MDk2MywiaWF0IjoxNzc1NjQ4OTYzLCJqdGkiOiJjN2U2MzEwMzE0MDQ0ZWM3YjE4YzdhYjZiYTBmYjJiYyIsInVzZXJfaWQiOiIzIn0.21fUnZcWF2iNHCGMTbkhwk9bJiDYMSE3BIUaNVxMfWg",
    "created_at": "2026-04-08T11:49:23.072Z",
    "expires_at": "2026-05-08T11:49:23Z"
  }
},
{
  "model": "token_blacklist.outstandingtoken",
  "pk": 48,
  "fields": {
    "user": 3,
    "jti": "4b57c1ee245f4ae487c4a82cfdbd1157",
    "token": "eyJhbGciOiJIUzI1NiIsInR5cCI6IkpXVCJ9.eyJ0b2tlbl90eXBlIjoicmVmcmVzaCIsImV4cCI6MTc3ODI0MTExMSwiaWF0IjoxNzc1NjQ5MTExLCJqdGkiOiI0YjU3YzFlZTI0NWY0YWU0ODdjNGE4MmNmZGJkMTE1NyIsInVzZXJfaWQiOiIzIn0.k13IFEtpiFGah7opjJXDmiOFPfgduYlqBxsCsvG8rwM",
    "created_at": "2026-04-08T11:51:51.493Z",
    "expires_at": "2026-05-08T11:51:51Z"
  }
},
{
  "model": "token_blacklist.outstandingtoken",
  "pk": 49,
  "fields": {
    "user": 3,
    "jti": "c8ddfb07bf84472998c3a51324e21790",
    "token": "eyJhbGciOiJIUzI1NiIsInR5cCI6IkpXVCJ9.eyJ0b2tlbl90eXBlIjoicmVmcmVzaCIsImV4cCI6MTc3ODI0MTEyMiwiaWF0IjoxNzc1NjQ5MTIyLCJqdGkiOiJjOGRkZmIwN2JmODQ0NzI5OThjM2E1MTMyNGUyMTc5MCIsInVzZXJfaWQiOiIzIn0.YoNAhiAk2itZme4_iwRgVe0xGhfbcBC01gWz6EhstLA",
    "created_at": "2026-04-08T11:52:02.043Z",
    "expires_at": "2026-05-08T11:52:02Z"
  }
},
{
  "model": "token_blacklist.outstandingtoken",
  "pk": 50,
  "fields": {
    "user": 3,
    "jti": "fe518224eaf04b6885c8da3350e70ae2",
    "token": "eyJhbGciOiJIUzI1NiIsInR5cCI6IkpXVCJ9.eyJ0b2tlbl90eXBlIjoicmVmcmVzaCIsImV4cCI6MTc3ODI0MjQxOCwiaWF0IjoxNzc1NjUwNDE4LCJqdGkiOiJmZTUxODIyNGVhZjA0YjY4ODVjOGRhMzM1MGU3MGFlMiIsInVzZXJfaWQiOiIzIn0.8yQ_Rg-khvgCyqIVItWbESTXr-JH4KvVio_RQmMCyV8",
    "created_at": "2026-04-08T12:13:38.712Z",
    "expires_at": "2026-05-08T12:13:38Z"
  }
},
{
  "model": "token_blacklist.outstandingtoken",
  "pk": 51,
  "fields": {
    "user": 3,
    "jti": "fcb280a3139c4fe7836e530a3141c42f",
    "token": "eyJhbGciOiJIUzI1NiIsInR5cCI6IkpXVCJ9.eyJ0b2tlbl90eXBlIjoicmVmcmVzaCIsImV4cCI6MTc3ODI0ODk5OSwiaWF0IjoxNzc1NjU2OTk5LCJqdGkiOiJmY2IyODBhMzEzOWM0ZmU3ODM2ZTUzMGEzMTQxYzQyZiIsInVzZXJfaWQiOiIzIn0.t0fL_QV8GiUnfqGps5ccYCNz5zyrSiNdNwWu-AZbX70",
    "created_at": "2026-04-08T14:03:19.497Z",
    "expires_at": "2026-05-08T14:03:19Z"
  }
},
{
  "model": "token_blacklist.outstandingtoken",
  "pk": 52,
  "fields": {
    "user": 3,
    "jti": "9881f0f5d127443c8ba2cdc1ef1ad51c",
    "token": "eyJhbGciOiJIUzI1NiIsInR5cCI6IkpXVCJ9.eyJ0b2tlbl90eXBlIjoicmVmcmVzaCIsImV4cCI6MTc3ODI0OTQ0MCwiaWF0IjoxNzc1NjU3NDQwLCJqdGkiOiI5ODgxZjBmNWQxMjc0NDNjOGJhMmNkYzFlZjFhZDUxYyIsInVzZXJfaWQiOiIzIn0.w-tEJNLGOSdN9CBC-Tf4FhBEuLWHHzCVHjHw-gN59E8",
    "created_at": "2026-04-08T14:10:40.590Z",
    "expires_at": "2026-05-08T14:10:40Z"
  }
},
{
  "model": "token_blacklist.outstandingtoken",
  "pk": 53,
  "fields": {
    "user": 3,
    "jti": "84939f77b32b4cae91d66a97e0152160",
    "token": "eyJhbGciOiJIUzI1NiIsInR5cCI6IkpXVCJ9.eyJ0b2tlbl90eXBlIjoicmVmcmVzaCIsImV4cCI6MTc3ODI1MDYzOSwiaWF0IjoxNzc1NjU4NjM5LCJqdGkiOiI4NDkzOWY3N2IzMmI0Y2FlOTFkNjZhOTdlMDE1MjE2MCIsInVzZXJfaWQiOiIzIn0.oJSf7prGuZkCo1YgaRwymE7vGOTMofbxkOLEW5wrAOY",
    "created_at": "2026-04-08T14:30:39.516Z",
    "expires_at": "2026-05-08T14:30:39Z"
  }
},
{
  "model": "token_blacklist.outstandingtoken",
  "pk": 54,
  "fields": {
    "user": 3,
    "jti": "7e8e5d3afa834162a46166587c676d23",
    "token": "eyJhbGciOiJIUzI1NiIsInR5cCI6IkpXVCJ9.eyJ0b2tlbl90eXBlIjoicmVmcmVzaCIsImV4cCI6MTc3ODI1OTUzMSwiaWF0IjoxNzc1NjY3NTMxLCJqdGkiOiI3ZThlNWQzYWZhODM0MTYyYTQ2MTY2NTg3YzY3NmQyMyIsInVzZXJfaWQiOiIzIn0.gdziLrFUYECWAEzxDzwcYnUGl_AvtGygg-2t3h5v2Zs",
    "created_at": "2026-04-08T16:58:51.099Z",
    "expires_at": "2026-05-08T16:58:51Z"
  }
},
{
  "model": "token_blacklist.outstandingtoken",
  "pk": 55,
  "fields": {
    "user": 3,
    "jti": "fcfa3b1baf614c38834fb09d55deaaf2",
    "token": "eyJhbGciOiJIUzI1NiIsInR5cCI6IkpXVCJ9.eyJ0b2tlbl90eXBlIjoicmVmcmVzaCIsImV4cCI6MTc3ODI1OTUzMSwiaWF0IjoxNzc1NjY3NTMxLCJqdGkiOiJmY2ZhM2IxYmFmNjE0YzM4ODM0ZmIwOWQ1NWRlYWFmMiIsInVzZXJfaWQiOiIzIn0.jSs7CV5rLj4p_f28errxrbGUq5AbJutcKTPmaRjyXjM",
    "created_at": "2026-04-08T16:58:51.103Z",
    "expires_at": "2026-05-08T16:58:51Z"
  }
},
{
  "model": "token_blacklist.outstandingtoken",
  "pk": 56,
  "fields": {
    "user": 3,
    "jti": "31a8f5971480416d9b4d9df41bf64a51",
    "token": "eyJhbGciOiJIUzI1NiIsInR5cCI6IkpXVCJ9.eyJ0b2tlbl90eXBlIjoicmVmcmVzaCIsImV4cCI6MTc3ODI1OTUzMSwiaWF0IjoxNzc1NjY3NTMxLCJqdGkiOiIzMWE4ZjU5NzE0ODA0MTZkOWI0ZDlkZjQxYmY2NGE1MSIsInVzZXJfaWQiOiIzIn0.VroHFsZsGbvDC4tkjgk17QTsF1eVCMJLeSsYjxfz5gU",
    "created_at": "2026-04-08T16:58:51.097Z",
    "expires_at": "2026-05-08T16:58:51Z"
  }
},
{
  "model": "token_blacklist.outstandingtoken",
  "pk": 57,
  "fields": {
    "user": 3,
    "jti": "a4de436156ca42958beadc0dc83abbb4",
    "token": "eyJhbGciOiJIUzI1NiIsInR5cCI6IkpXVCJ9.eyJ0b2tlbl90eXBlIjoicmVmcmVzaCIsImV4cCI6MTc3ODI2NDcxOCwiaWF0IjoxNzc1NjcyNzE4LCJqdGkiOiJhNGRlNDM2MTU2Y2E0Mjk1OGJlYWRjMGRjODNhYmJiNCIsInVzZXJfaWQiOiIzIn0.Aknur9fMdTzsFahEoNAGCf2Z72PryY8rqqBNm8gmza8",
    "created_at": "2026-04-08T18:25:18.170Z",
    "expires_at": "2026-05-08T18:25:18Z"
  }
},
{
  "model": "token_blacklist.outstandingtoken",
  "pk": 58,
  "fields": {
    "user": 3,
    "jti": "d44511f1de4a46d68ede632de24bc62d",
    "token": "eyJhbGciOiJIUzI1NiIsInR5cCI6IkpXVCJ9.eyJ0b2tlbl90eXBlIjoicmVmcmVzaCIsImV4cCI6MTc3ODI2NzU4NiwiaWF0IjoxNzc1Njc1NTg2LCJqdGkiOiJkNDQ1MTFmMWRlNGE0NmQ2OGVkZTYzMmRlMjRiYzYyZCIsInVzZXJfaWQiOiIzIn0.-LoRF0QsEmTkWeDlwzf83FAtZDsJkCwC4XI2-BdBm_Q",
    "created_at": "2026-04-08T19:13:06.819Z",
    "expires_at": "2026-05-08T19:13:06Z"
  }
},
{
  "model": "token_blacklist.outstandingtoken",
  "pk": 59,
  "fields": {
    "user": 3,
    "jti": "7d79f89c348a4b80a0b97fa5c2301cd1",
    "token": "eyJhbGciOiJIUzI1NiIsInR5cCI6IkpXVCJ9.eyJ0b2tlbl90eXBlIjoicmVmcmVzaCIsImV4cCI6MTc3ODI3MjYzMywiaWF0IjoxNzc1NjgwNjMzLCJqdGkiOiI3ZDc5Zjg5YzM0OGE0YjgwYTBiOTdmYTVjMjMwMWNkMSIsInVzZXJfaWQiOiIzIn0.-m2b36ae-N8XleV4_sAhkpYL1sexcTZn004B_tVEGdk",
    "created_at": "2026-04-08T20:37:13.909Z",
    "expires_at": "2026-05-08T20:37:13Z"
  }
},
{
  "model": "token_blacklist.outstandingtoken",
  "pk": 60,
  "fields": {
    "user": 3,
    "jti": "2b4da364f5234877ad95fd4826e13894",
    "token": "eyJhbGciOiJIUzI1NiIsInR5cCI6IkpXVCJ9.eyJ0b2tlbl90eXBlIjoicmVmcmVzaCIsImV4cCI6MTc3ODI3MjYzMywiaWF0IjoxNzc1NjgwNjMzLCJqdGkiOiIyYjRkYTM2NGY1MjM0ODc3YWQ5NWZkNDgyNmUxMzg5NCIsInVzZXJfaWQiOiIzIn0.WIUlowwhiF-vH95G0EaILExaF6ZTaGHIiAlEHShrgkw",
    "created_at": "2026-04-08T20:37:13.918Z",
    "expires_at": "2026-05-08T20:37:13Z"
  }
},
{
  "model": "token_blacklist.outstandingtoken",
  "pk": 61,
  "fields": {
    "user": 3,
    "jti": "d97a862476e44ec988660b9791225869",
    "token": "eyJhbGciOiJIUzI1NiIsInR5cCI6IkpXVCJ9.eyJ0b2tlbl90eXBlIjoicmVmcmVzaCIsImV4cCI6MTc3ODI3MjYzOCwiaWF0IjoxNzc1NjgwNjM4LCJqdGkiOiJkOTdhODYyNDc2ZTQ0ZWM5ODg2NjBiOTc5MTIyNTg2OSIsInVzZXJfaWQiOiIzIn0.LO0fHJg1ySzq4OV-7vLW0fsQJMKb4tx6VFeCVU_eG2I",
    "created_at": "2026-04-08T20:37:18.288Z",
    "expires_at": "2026-05-08T20:37:18Z"
  }
},
{
  "model": "token_blacklist.blacklistedtoken",
  "pk": 1,
  "fields": {
    "token": 3,
    "blacklisted_at": "2026-04-04T11:57:08.175Z"
  }
},
{
  "model": "token_blacklist.blacklistedtoken",
  "pk": 2,
  "fields": {
    "token": 6,
    "blacklisted_at": "2026-04-04T12:59:33.804Z"
  }
},
{
  "model": "token_blacklist.blacklistedtoken",
  "pk": 3,
  "fields": {
    "token": 15,
    "blacklisted_at": "2026-04-04T17:11:16.883Z"
  }
},
{
  "model": "token_blacklist.blacklistedtoken",
  "pk": 4,
  "fields": {
    "token": 19,
    "blacklisted_at": "2026-04-07T13:41:03.065Z"
  }
},
{
  "model": "token_blacklist.blacklistedtoken",
  "pk": 5,
  "fields": {
    "token": 22,
    "blacklisted_at": "2026-04-07T16:06:50.007Z"
  }
},
{
  "model": "token_blacklist.blacklistedtoken",
  "pk": 6,
  "fields": {
    "token": 33,
    "blacklisted_at": "2026-04-07T17:20:50.259Z"
  }
},
{
  "model": "token_blacklist.blacklistedtoken",
  "pk": 7,
  "fields": {
    "token": 36,
    "blacklisted_at": "2026-04-08T10:12:21.937Z"
  }
},
{
  "model": "token_blacklist.blacklistedtoken",
  "pk": 8,
  "fields": {
    "token": 47,
    "blacklisted_at": "2026-04-08T11:51:51.508Z"
  }
},
{
  "model": "token_blacklist.blacklistedtoken",
  "pk": 9,
  "fields": {
    "token": 50,
    "blacklisted_at": "2026-04-08T14:03:19.509Z"
  }
},
{
  "model": "token_blacklist.blacklistedtoken",
  "pk": 10,
  "fields": {
    "token": 53,
    "blacklisted_at": "2026-04-08T16:58:51.117Z"
  }
},
{
  "model": "token_blacklist.blacklistedtoken",
  "pk": 11,
  "fields": {
    "token": 58,
    "blacklisted_at": "2026-04-08T20:37:13.949Z"
  }
}
]
